ellipse_center_long,ellipse_center_lat,radii_1,radii_2,tilt_deg,color,fillColor,fillOpacity,year_start,year_end,description_eng,description_heb,source,type
35.2137,31.7683,120000,60000,30,#e67e22,#f39c12,0.18,-586,-516,Babylonian administrative zone around Jerusalem during exile period,אזור מנהלי בבלי סביב ירושלים בתקופת הגלות,https://en.wikipedia.org/wiki/Babylonian_exile,1
29.9187,31.2001,60000,40000,20,#c0392b,#e74c3c,0.15,38,38,Alexandria pogrom against the Jewish community,פוגרום אלכסנדריה נגד הקהילה היהודית,https://en.wikipedia.org/wiki/Alexandria_in_Antiquity#Jewish_history,9
12.2881,41.7325,40000,25000,0,#27ae60,#2ecc71,0.20,100,100,Oldest known synagogue in Western Europe established in Ostia (port of Rome),בית הכנסת העתיק ביותר במערב אירופה נוסד באוסטיה (נמל רומא),https://www.jewishvirtuallibrary.org/timeline-of-jewish-history-in-italy,1
39.6142,24.4686,40000,25000,0,#c0392b,#e74c3c,0.15,624,625,Muhammad besieged and expelled the Jewish tribes Banu Qaynuqa (624) and Banu Nadir (625) from Medina.,מוחמד כיתר וגירש את השבטים היהודיים בנו קינוקאע (624) ובנו נדיר (625) ממדינה.,https://en.wikipedia.org/wiki/Banu_Nadir,3
39.6142,24.4686,40000,25000,0,#c0392b,#e74c3c,0.15,627,627,"After a siege of the Banu Qurayza in Medina, the tribe's men were executed and the women and children taken captive. Deaths: 600-900 (al-Tabari).","לאחר מצור על בנו קורייט'ה במדינה הוצאו להורג גברי השבט, והנשים והילדים נלקחו בשבי.",https://en.wikipedia.org/wiki/Invasion_of_Banu_Qurayza,9
39.6142,24.4672,40000,25000,0,#c0392b,#e74c3c,0.15,627,627,Massacre of Banu Qurayza in Medina,טבח בני קוריצה במדינה,https://en.wikipedia.org/wiki/Banu_Qurayza,9
43.8742,34.1959,60000,40000,0,#c0392b,#e74c3c,0.15,850,850,"Abbasid caliph al-Mutawakkil ordered Christians and Jews to wear honey-coloured hoods and belts, and ordered new non-Muslim places of worship destroyed.","הח'ליף העבאסי אל-מותוכל ציווה על נוצרים ויהודים ללבוש ברדסים וחגורות בצבע דבש, והורה להרוס בתי תפילה חדשים של לא-מוסלמים.",https://en.wikipedia.org/wiki/Al-Mutawakkil,5
-4.9998,34.0331,60000,40000,0,#c0392b,#e74c3c,0.15,1033,1033,"After conquering Fez, forces of Tamim, chief of the Banu Ifran Zenata Berbers, killed thousands of Jews, seized their property and captured Jewish women. Deaths: over 6,000.","לאחר כיבוש פאס הרגו כוחות תמים, ראש שבט בנו יפרן הזנאתי, אלפי יהודים, בזזו את רכושם ושבו נשים יהודיות.",https://en.wikipedia.org/wiki/1033_Fez_massacre,9
-3.5986,37.1773,50000,30000,10,#c0392b,#e74c3c,0.15,1066,1066,"On 30 December 1066 a Muslim mob stormed the palace, killed the Jewish vizier Joseph ibn Naghrela and massacred much of Granada's Jewish community. Deaths: about 4,000 (unverified).","ב-30 בדצמבר 1066 פרץ המון מוסלמי לארמון, רצח את הווזיר היהודי יהוסף אבן נגרלה וטבח ברבים מיהודי גרנדה.",https://en.wikipedia.org/wiki/1066_Granada_massacre,9
8.2473,50.0010,120000,70000,25,#c0392b,#e74c3c,0.15,1096,1098,Rhineland massacres during the First Crusade (centered near Mainz),טבח הריין במסע הצלב הראשון (מרכז ליד מיינץ),https://en.wikipedia.org/wiki/Rhineland_massacres,9
-7.9811,31.6295,60000,40000,0,#c0392b,#e74c3c,0.15,1106,1143,Under Almoravid rule Jews could trade in Marrakesh but were barred from living there; a Jew found in the city at night faced death.,תחת שלטון המוראביטון הורשו יהודים לסחור במרקש אך נאסר עליהם לגור בה; יהודי שנמצא בעיר בלילה צפוי היה למוות.,https://en.wikipedia.org/wiki/History_of_the_Jews_in_Morocco,5
-7.9811,31.6295,80000,50000,0,#c0392b,#e74c3c,0.15,1148,1160,Almohad persecutions of Jews in Morocco and al-Andalus (centered near Marrakesh),רדיפות אל-מוואחידון של יהודים במרוקו ואל-אנדלוס (מרכז ליד מרקש),https://en.wikipedia.org/wiki/Almohad_Caliphate#Persecution_of_dhimmis,9
-7.9811,31.6295,80000,50000,0,#c0392b,#e74c3c,0.15,1146,1148,"After taking power, the Almohads abolished dhimmi status and compelled Jews and Christians to convert to Islam, leave the country, or face death.","לאחר עלייתם לשלטון ביטלו המווחדון את מעמד הד'ימי וכפו על יהודים ונוצרים להתאסלם, לעזוב את הארץ או למות.",https://www.jewishencyclopedia.com/articles/11020-morocco,5
44.2064,15.3694,60000,40000,0,#c0392b,#e74c3c,0.15,1167,1173,"Yemenite ruler Abd al-Nabi ibn Mahdi gave the Jews a choice of conversion to Islam or death, which prompted Maimonides' Epistle to Yemen.","שליט תימן עבד אל-נבי אבן מהדי העמיד את היהודים בפני הברירה בין התאסלמות למוות, ובעקבות זאת כתב הרמב""ם את אגרת תימן.",https://en.wikipedia.org/wiki/History_of_the_Jews_in_Yemen,5
-4.9998,34.0331,60000,40000,0,#c0392b,#e74c3c,0.15,1165,1165,"Amid Almohad forced conversions in Fez, the dayyan Judah ha-Kohen ibn Shushan refused to convert and was burnt alive; Maimonides' family then left for Egypt. Deaths: 1.","בעת גזירות השמד של המווחדון בפאס סירב הדיין ר' יהודה הכהן אבן שושן להתאסלם ונשרף חי; משפחת הרמב""ם עזבה אז למצרים.",https://www.jewishvirtuallibrary.org/fez,5
-0.1278,51.5074,40000,25000,0,#c0392b,#e74c3c,0.15,1189,1189,London massacre of Jews during coronation riots,טבח לונדון של יהודים במהומות ההכתרה,https://en.wikipedia.org/wiki/Massacre_of_1189,9
0.7217,52.2430,30000,20000,10,#c0392b,#e74c3c,0.15,1190,1190,Bury St Edmunds massacre of Jews,טבח בורי סנט אדמונדס של יהודים,https://en.wikipedia.org/wiki/Massacre_of_1189,9
-1.0820,53.9583,30000,20000,-5,#c0392b,#e74c3c,0.15,1190,1190,York massacre at Clifford's Tower,טבח יורק במגדל קליפורד,https://en.wikipedia.org/wiki/York_massacre,9
44.3661,33.3152,60000,40000,0,#c0392b,#e74c3c,0.15,1220,1220,Thousands of Jews killed by Muslims after being blamed for Mongol invasion,אלפי יהודים נהרגו על ידי מוסלמים לאחר שהואשמו בפלישה המונגולית,https://en.wikipedia.org/wiki/History_of_the_Jews_in_Iraq,9
18.0910,51.7650,80000,50000,0,#27ae60,#2ecc71,0.25,1264,1264,Statute of Kalisz - General Charter of Jewish Rights in Poland,סטטוט קליש - אמנת זכויות יהודיות כללית בפולין,https://en.wikipedia.org/wiki/Statute_of_Kalisz,6
31.2357,30.0444,60000,40000,0,#c0392b,#e74c3c,0.15,1260,1277,Mamluk sultan Baibars dug a ditch to burn the Jews but relented and imposed a heavy tribute instead; many died while it was being collected. Deaths: many (number not given).,"הסולטן הממלוכי בייברס הורה לחפור תעלה לשריפת היהודים, אך חזר בו והטיל עליהם מס כבד; רבים מתו בעת גבייתו.",http://www.jewishencyclopedia.com/articles/5456-egypt,5
-4.9998,34.0331,60000,40000,0,#c0392b,#e74c3c,0.15,1276,1276,"During a 1276 revolt in Fez against the Marinids, rioters attacked the Jewish inhabitants; the Marinid sultan Abu Yusuf Ya'qub intervened to protect them.",במהלך מרד בפאס נגד המרינים ב-1276 תקפו מתפרעים את התושבים היהודים; הסולטן המריני אבו יוסף יעקוב התערב להגנתם.,https://en.wikipedia.org/wiki/Mellah_of_Fez,2
14.2681,40.8518,80000,50000,0,#c0392b,#e74c3c,0.15,1288,1288,Naples issues first expulsion of Jews in S. Italy,נאפולי מוציאה את הגירוש הראשון של יהודים בדרום איטליה,https://en.wikipedia.org/wiki/History_of_the_Jews_in_Italy,9
14.2681,40.8518,100000,60000,0,#c0392b,#e74c3c,0.15,1293,1293,Destruction of most Jewish communities in the Kingdom of Naples,הרס רוב הקהילות היהודיות בממלכת נאפולי,https://en.wikipedia.org/wiki/History_of_the_Jews_in_Italy,9
11.5820,49.4542,100000,60000,15,#c0392b,#e74c3c,0.15,1298,1299,Rindfleisch massacres in Franconia (centered near Nuremberg),טבח רינדפלייש בפרנקוניה (מרכז ליד נירנברג),https://en.wikipedia.org/wiki/Rintfleisch_massacres,9
31.2358,30.0444,80000,50000,0,#c0392b,#e74c3c,0.15,1301,1301,Cairo massacre of Jews during Mamluk period,טבח קהיר של יהודים בתקופת הממלוכים,https://en.wikipedia.org/wiki/History_of_the_Jews_in_Egypt,9
-7.9811,31.6295,70000,45000,0,#c0392b,#e74c3c,0.15,1301,1301,Marrakesh massacre of Jews during Mamluk period,טבח מרקש של יהודים בתקופת הממלוכים,https://en.wikipedia.org/wiki/History_of_the_Jews_in_Morocco,9
44.3661,33.3152,60000,40000,0,#c0392b,#e74c3c,0.15,1301,1301,Baghdad massacre of Jews during Mongol invasion,טבח בגדד של יהודים בפלישה המונגולית,https://en.wikipedia.org/wiki/History_of_the_Jews_in_Iraq,9
36.2765,33.5138,60000,40000,0,#c0392b,#e74c3c,0.15,1301,1301,Damascus massacre of Jews during Mongol invasion,טבח דמשק של יהודים בפלישה המונגולית,https://en.wikipedia.org/wiki/History_of_the_Jews_in_Syria,9
59.6167,36.2605,70000,45000,0,#c0392b,#e74c3c,0.15,1301,1301,Khorasan massacre of Jews in Iran during Mongol invasion,טבח חוראסן של יהודים באיראן בפלישה המונגולית,https://en.wikipedia.org/wiki/History_of_the_Jews_in_Iran,9
1.4442,43.6047,120000,70000,-10,#c0392b,#e74c3c,0.15,1320,1320,"Shepherds' Crusade persecutions (southern France, centered near Toulouse)","רדיפות מסע הצלב הרועים (דרום צרפת, מרכז ליד טולוז)",https://en.wikipedia.org/wiki/Shepherds%27_Crusade_(1320),9
7.7500,48.5830,150000,90000,0,#c0392b,#e74c3c,0.15,1348,1351,Black Death persecutions (centered near Strasbourg),רדיפות המוות השחור (מרכז ליד שטרסבורג),https://en.wikipedia.org/wiki/Black_Death_Jewish_persecutions,9
5.9280,43.1242,30000,20000,0,#c0392b,#e74c3c,0.15,1348,1348,Toulon massacre during Black Death,טבח טולון במגפת המוות השחור,https://en.wikipedia.org/wiki/Persecution_of_Jews_during_the_Black_Death,9
2.1734,41.3851,40000,25000,0,#c0392b,#e74c3c,0.15,1348,1348,Barcelona massacre during Black Death,טבח ברצלונה במגפת המוות השחור,https://en.wikipedia.org/wiki/Persecution_of_Jews_during_the_Black_Death,9
11.0328,50.9787,30000,20000,0,#c0392b,#e74c3c,0.15,1349,1349,Erfurt massacre during Black Death,טבח ארפורט במגפת המוות השחור,https://en.wikipedia.org/wiki/Persecution_of_Jews_during_the_Black_Death,9
7.5886,47.5596,30000,20000,0,#c0392b,#e74c3c,0.15,1349,1349,Basel massacre during Black Death,טבח בזל במגפת המוות השחור,https://en.wikipedia.org/wiki/Persecution_of_Jews_during_the_Black_Death,9
8.6821,50.1109,40000,25000,0,#c0392b,#e74c3c,0.15,1349,1349,Frankfurt massacre during Black Death,טבח פרנקפורט במגפת המוות השחור,https://en.wikipedia.org/wiki/Persecution_of_Jews_during_the_Black_Death,9
7.7521,48.5734,50000,30000,0,#c0392b,#e74c3c,0.15,1349,1349,Strasbourg massacre during Black Death,טבח שטרסבורג במגפת המוות השחור,https://en.wikipedia.org/wiki/Persecution_of_Jews_during_the_Black_Death,9
59.6167,36.2605,60000,40000,0,#c0392b,#e74c3c,0.15,1385,1385,"Khorasan Massacres, Iran","טבח חוראסן, איראן",https://en.wikipedia.org/wiki/History_of_the_Jews_in_Iran,9
14.4378,50.0755,40000,25000,30,#c0392b,#e74c3c,0.15,1389,1389,Prague Easter massacre,טבח פסחא בפראג,https://en.wikipedia.org/wiki/Prague_Easter_pogrom,9
2.1734,41.3851,80000,50000,15,#8e44ad,#9b59b6,0.15,1391,1400,Riots and anti-Jewish violence in Catalonia region (Barcelona area),מהומות ואלימות אנטי-יהודית באזור קטלוניה (אזור ברצלונה),https://en.wikipedia.org/wiki/Massacre_of_1391,2
16.3738,48.2082,50000,30000,5,#c0392b,#e74c3c,0.15,1421,1421,Vienna Gesera (expulsions and killings),גזרת וינה (גירושים והרג),https://en.wikipedia.org/wiki/Vienna_Gesera,9
-4.9998,34.0331,60000,40000,0,#c0392b,#e74c3c,0.15,1438,1438,"In 1438 the Jews of Fez were compelled to leave the old city and move to a separate quarter, the mellah, in Fes Jdid, Morocco's first mellah.","ב-1438 נכפה על יהודי פאס לעזוב את העיר העתיקה ולעבור לרובע נפרד, המלאח, בפאס אל-ג'דיד - המלאח הראשון במרוקו.",https://www.jewishvirtuallibrary.org/fez,5
-4.9998,34.0331,60000,40000,0,#c0392b,#e74c3c,0.15,1465,1465,"During the 1465 revolt that killed the Marinid sultan and his Jewish vizier Harun, the Fez mellah was attacked; many Jews were killed or forced to convert. Deaths: most of the Jews (EJ); thousands (Wikipedia).","במרד 1465, שבו נרצחו הסולטן המריני והווזיר היהודי שלו הארון, הותקף המלאח של פאס; יהודים רבים נרצחו או נאלצו להתאסלם.",https://www.jewishvirtuallibrary.org/fez,9
-3.7038,40.4168,200000,120000,0,#c0392b,#e74c3c,0.12,1492,1600,Spanish expulsion footprint across central Spain,טביעת רגל הגירוש הספרדי ברחבי מרכז ספרד,https://en.wikipedia.org/wiki/Alhambra_Decree,3
35.4960,32.9650,50000,30000,0,#c0392b,#e74c3c,0.15,1517,1517,"During the Ottoman conquest, Safed's Jewish quarter was attacked; many Jews were killed, wounded and robbed, likely by retreating Mamluk soldiers joined by local Arab villagers. Deaths: many (no number given).","בעת הכיבוש העות'מאני הותקף הרובע היהודי בצפת; יהודים רבים נהרגו, נפצעו ונשדדו, ככל הנראה בידי חיילים ממלוכים נסוגים שאליהם הצטרפו כפריים ערבים מקומיים.",https://en.wikipedia.org/wiki/1517_Safed_attacks,9
35.0950,31.5320,40000,25000,0,#c0392b,#e74c3c,0.15,1517,1517,"At Sukkot 1517, Ottoman troops under Murad Bey attacked Hebron's Jews, beating, raping and killing many and looting homes; survivors fled to Beirut. Deaths: many (no number given).","בסוכות 1517 תקפו חיילים עות'מאנים בפיקוד מוראד ביי את יהודי חברון, היכו, אנסו והרגו רבים ובזזו את בתיהם; הניצולים ברחו לביירות.",https://en.wikipedia.org/wiki/1517_Hebron_attacks,9
13.1913,32.8872,60000,40000,0,#c0392b,#e74c3c,0.15,1517,1517,"Marsa ibn Ghazi Massacre, Ottoman Libya","טבח מרסה אבן ע'אזי, לוב העות'מאנית",https://en.wikipedia.org/wiki/History_of_the_Jews_in_Libya,9
32.0590,49.4440,250000,180000,20,#c0392b,#e74c3c,0.15,1577,1577,"Passover Massacre, Ottoman empire","טבח פסח, האימפריה העות'מאנית",https://en.wikipedia.org/wiki/Passover_massacre,9
51.6680,32.6539,60000,40000,0,#c0392b,#e74c3c,0.15,1613,1629,"Under Safavid Shah Abbas I, Jews of Isfahan and other Persian communities were pressured and forced to convert to Islam, including cash payments to converts.","תחת השאה הספווי עבאס הראשון הופעל לחץ על יהודי אספהאן וקהילות פרס אחרות להתאסלם, ונכפתה עליהם המרת דת, כולל תשלומי כסף למתאסלמים.",https://www.jewishencyclopedia.com/articles/8266,5
44.2064,15.3694,60000,40000,0,#c0392b,#e74c3c,0.15,1630,1700,"After Ottoman rule ended in 1630, Zaydi rulers deemed Jews impure and imposed humiliating rules on contact with Muslims, riding, house height and walking barefoot in Muslim quarters.","לאחר סיום השלטון העות'מאני ב-1630 ראו השליטים הזיידים ביהודים טמאים והטילו עליהם תקנות משפילות בעניין מגע עם מוסלמים, רכיבה, גובה בתים והליכה יחפים ברובע המוסלמי.",https://en.wikipedia.org/wiki/History_of_the_Jews_in_Yemen,5
32.0590,49.4440,250000,180000,20,#c0392b,#e74c3c,0.15,1648,1657,"Khmelnytsky Uprising massacres (centered near Cherkasy, Ukraine)","טבח מרד חמלניצקי (מרכז ליד צ'רקאסי, אוקראינה)",https://en.wikipedia.org/wiki/Khmelnytsky_Uprising#Massacres_of_Jews,9
35.4960,32.9650,50000,30000,0,#c0392b,#e74c3c,0.15,1660,1660,"Amid a Druze power struggle after Emir Mulhim Ma'n's death, the Jewish communities of Safed and Tiberias were destroyed; Tiberias lost almost its entire Jewish population.",במהלך מאבק כוח דרוזי לאחר מות האמיר מולחם מען נחרבו הקהילות היהודיות בצפת ובטבריה; טבריה איבדה כמעט את כל אוכלוסייתה היהודית.,https://en.wikipedia.org/wiki/1660_destruction_of_Safed,9
43.5300,13.2700,80000,50000,0,#c0392b,#e74c3c,0.15,1679,1680,"Imam al-Mahdi Ahmad expelled nearly all Yemenite Jews to the barren Mawza region; many died of heat, disease and hunger before return was permitted a year later. Deaths: as many as two-thirds of the exiles.","האימאם אל-מהדי אחמד גירש כמעט את כל יהודי תימן לאזור מוזע הצחיח; רבים מתו מחום, ממחלות ומרעב עד שהותר להם לשוב כעבור שנה.",https://www.encyclopedia.com/religion/encyclopedias-almanacs-transcripts-and-maps/mawza,3
44.1910,15.3690,60000,40000,0,#c0392b,#e74c3c,0.15,1679,1680,"As part of the Mawza Exile, Sanaa's Jews were expelled, lost their houses in the walled city, and their main synagogue was converted into a mosque.","במסגרת גלות מוזע גורשו יהודי צנעא, איבדו את בתיהם בעיר המוקפת חומה, ובית הכנסת המרכזי שלהם הוסב למסגד.",https://en.wikipedia.org/wiki/Mawza_Exile,3
59.6062,36.2972,60000,40000,0,#c0392b,#e74c3c,0.15,1747,1747,"After Nader Shah's assassination in 1747, the Jews he had brought to Mashhad lost protection and were confined to the outskirts, marked by distinctive clothing and heavily taxed.","לאחר רצח נאדר שאה ב-1747 איבדו היהודים שהביא למשהד את הגנתם, נדחקו לשולי העיר, חויבו בסימני היכר על בגדיהם ובמסים כבדים.",https://aish.com/the-secret-jews-of-mashhad-iran/,5
30.2220,48.7540,60000,40000,0,#c0392b,#e74c3c,0.15,1768,1768,Uman massacre,טבח אומן,https://en.wikipedia.org/wiki/Uman_massacre,9
13.1900,32.8900,60000,40000,0,#c0392b,#e74c3c,0.15,1793,1795,"Algerian corsair Ali Burghul usurped Tripoli, imposed heavy extortion, let his soldiers terrorize residents, especially Jews, and burned Jewish conspirators including David Khalfon at the stake.","הקורסר האלג'יראי עלי בורגול השתלט על טריפולי, הטיל סחטנות כבדה, התיר לחייליו להטיל אימה על התושבים, בעיקר היהודים, ושרף על המוקד קושרים יהודים ובהם דוד חלפון.",https://en.wikipedia.org/wiki/Abraham_Khalfon,5
-5.0030,34.0330,70000,45000,0,#c0392b,#e74c3c,0.15,1790,1792,Persecutions of Jews in Fez under Sultan Yazid,רדיפות יהודים בפז תחת הסולטן יזיד,https://en.wikipedia.org/wiki/Yazid_of_Morocco,9
-5.3684,35.5785,60000,40000,0,#c0392b,#e74c3c,0.15,1790,1792,On Mawlay Yazid's accession his troops plundered Tetouan's Jewish quarter; Jewish notables were murdered and wealthy Jews dragged through the streets tied to horses.,עם עליית מולאי יזיד לשלטון בזזו חייליו את הרובע היהודי בתטואן; נכבדים יהודים נרצחו ועשירים נקשרו לסוסים ונגררו ברחובות.,https://www.encyclopedia.com/religion/encyclopedias-almanacs-transcripts-and-maps/tetuan,9
44.1910,15.3690,60000,40000,0,#c0392b,#e74c3c,0.15,1800,1800,At the start of the 19th century Yemenite Jews under the Imam were barred from wearing new or good clothes and from riding donkeys or mules.,בתחילת המאה ה-19 נאסר על יהודי תימן שתחת שלטון האימאם ללבוש בגדים חדשים או טובים ולרכוב על חמור או פרד.,https://www.jewishencyclopedia.com/articles/15077-yemen,5
3.0600,36.7500,60000,40000,0,#c0392b,#e74c3c,0.15,1805,1805,"After a janissary assassinated Jewish merchant leader Naphtali Busnach on 28 June 1805, janissaries sacked Algiers the next day, killing Jews and plundering the Jewish quarter. Deaths: between 200 and 500.","לאחר שיניצ'ר רצח את ראש הקהילה והסוחר נפתלי בושנאק ב-28 ביוני 1805, בזזו היניצ'רים למחרת את אלג'יר, הרגו יהודים ושדדו את הרובע היהודי.",https://jewishvirtuallibrary.org/algiers,9
3.0600,36.7500,60000,40000,0,#c0392b,#e74c3c,0.15,1815,1815,"In 1815 the chief rabbi of Algiers, Isaac Aboulker, and seven other Jewish notables were put to death amid a riot and feuds among leading Jewish families. Deaths: 8 (the chief rabbi and seven notables).","ב-1815 הוצאו להורג הרב הראשי של אלג'יר, יצחק אבולקר, ושבעה מנכבדי הקהילה, על רקע מהומה וסכסוכים בין משפחות יהודיות מובילות.",https://jewishvirtuallibrary.org/algiers,9
9.9534,49.7913,80000,50000,10,#c0392b,#e74c3c,0.15,1819,1820,Hep-Hep riots in German states (centered near Würzburg),מהומות היפ-היפ במדינות גרמניות (מרכז ליד וירצבורג),https://en.wikipedia.org/wiki/Hep-Hep_riots,9
36.2765,33.5138,60000,40000,0,#c0392b,#e74c3c,0.15,1820,1820,"Sahalu Lobiant Massacres, Ottoman Syria","טבח סהלו לוביאנט, סוריה העות'מאנית",https://en.wikipedia.org/wiki/History_of_the_Jews_in_Syria,9
44.3660,33.3150,60000,40000,0,#c0392b,#e74c3c,0.15,1817,1831,"Daud Pasha, Mamluk governor of Baghdad (1817-31), oppressed, extorted and imprisoned leading Jews, prompting wealthy families such as the Sassoons to flee around 1828.","דאוד פאשה, המושל הממלוכי של בגדאד (1817-1831), דיכא, סחט וכלא יהודים מובילים, ומשפחות עשירות כמו ששון נמלטו סביב 1828.",https://jewishvirtuallibrary.org/baghdad,5
3.0600,36.7500,60000,40000,0,#c0392b,#e74c3c,0.15,1830,1830,"Before the French siege of Algiers in 1830, the dey drove more than three hundred Jewish families out of the city; the French found them without shelter outside the walls.","לפני המצור הצרפתי על אלג'יר ב-1830 גירש הדיי יותר משלוש מאות משפחות יהודיות מהעיר, והצרפתים מצאו אותן ללא מחסה מחוץ לחומות.",https://jewishencyclopedia.com/articles/1222-algiers,3
46.2919,38.0800,60000,40000,0,#c0392b,#e74c3c,0.15,1790,1797,Between 1790 and 1797 the Jews of Tabriz were accused of a blood libel and massacred; by 1828 the community had ceased to exist.,בין 1790 ל-1797 הואשמו יהודי תבריז בעלילת דם ונטבחו; עד 1828 חדלה הקהילה להתקיים.,https://www.jewishvirtuallibrary.org/tabriz,9
35.4960,32.9650,50000,30000,0,#c0392b,#e74c3c,0.15,1834,1834,"From 15 June to 17 July 1834, during the peasants' revolt against Egyptian rule, Arab villagers and Druze looted Safed's Jews, destroying homes, synagogues and about 500 Torah scrolls. Deaths: few (hundreds wounded).","בין 15 ביוני ל-17 ביולי 1834, במהלך מרד האיכרים נגד השלטון המצרי, בזזו כפריים ערבים ודרוזים את יהודי צפת והחריבו בתים, בתי כנסת וכ-500 ספרי תורה.",https://en.wikipedia.org/wiki/1834_looting_of_Safed,9
59.6062,36.2972,60000,40000,0,#c0392b,#e74c3c,0.15,1839,1839,"On 27 March 1839 Muslims attacked the Jewish quarter of Mashhad, killing about 35 Jews and forcing the whole community of about 2,000 to convert to Islam. Deaths: some 35.","ב-27 במרץ 1839 תקפו מוסלמים את הרובע היהודי במשהד, הרגו כ-35 יהודים ואילצו את כל הקהילה, כ-2,000 נפש, להתאסלם.",https://www.encyclopedia.com/religion/encyclopedias-almanacs-transcripts-and-maps/meshed,9
36.2765,33.5138,60000,40000,0,#c0392b,#e74c3c,0.15,1840,1840,"After Father Thomas and his servant disappeared, Damascus Jews were accused of ritual murder, arrested and tortured, and 63 Jewish children were seized as hostages. Deaths: some prisoners died under torture; 63 Jewish children seized as hostages.","לאחר היעלמותם של האב תומאס ומשרתו הואשמו יהודי דמשק ברצח פולחני, נעצרו ועונו, ו-63 ילדים יהודים נלקחו כבני ערובה.",https://en.wikipedia.org/wiki/Damascus_affair,5
36.2765,33.5138,60000,40000,0,#c0392b,#e74c3c,0.15,1840,1840,"The blood libel, a medieval European accusation, appeared in Ottoman lands, mostly raised by Christian communities, most famously in the 1840 Damascus affair.","עלילת הדם, האשמה אירופית מימי הביניים, הופיעה בארצות העות'מאניות, לרוב מפי קהילות נוצריות, ובראשן פרשת דמשק ב-1840.",https://en.wikipedia.org/wiki/Damascus_affair,5
31.2357,30.0444,60000,40000,0,#c0392b,#e74c3c,0.15,1844,1844,In 1844 Cairo Jews were accused of murdering a Christian for ritual purposes; Muhammad Ali's firm intervention prevented riots and helped expose the truth.,בשנת 1844 הואשמו יהודי קהיר ברציחת נוצרי למטרות פולחן; תקיפותו של מוחמד עלי מנעה פרעות וסייעה לגילוי האמת.,https://benyehuda.org/read/32294,5
35.5644,33.6961,40000,25000,0,#c0392b,#e74c3c,0.15,1847,1847,"A blood libel was raised against the Jewish community of Deir al-Qamar after a child disappeared before Passover; nine members were arrested, but no massacre occurred.","עלילת דם הועלתה נגד יהודי דיר אל-קמר לאחר היעלמות ילד לפני פסח; תשעה מבני הקהילה נעצרו, אך לא התרחש טבח.",https://en.wikipedia.org/wiki/History_of_the_Jews_in_Lebanon,5
35.2310,31.7770,40000,25000,0,#c0392b,#e74c3c,0.15,1847,1847,In March 1847 a quarrel between a Greek pilgrim boy and a Jewish boy led Greek Orthodox clergy to accuse Jews of ritual murder; the case was dismissed.,במרץ 1847 הוביל ריב בין נער עולה-רגל יווני לנער יהודי לכך שכמרים יוונים-אורתודוקסים האשימו את היהודים ברצח פולחני; התיק נדחה.,https://he.wikipedia.org/wiki/%D7%A2%D7%9C%D7%99%D7%9C%D7%AA_%D7%93%D7%9D,5
36.2765,33.5138,60000,40000,0,#c0392b,#e74c3c,0.15,1848,1848,"1st Damascus Pogrom, Syria","פוגרום דמשק הראשון, סוריה",https://en.wikipedia.org/wiki/History_of_the_Jews_in_Syria,9
36.2765,33.5138,60000,40000,0,#c0392b,#e74c3c,0.15,1860,1860,"After the 1860 massacre of Christians in Damascus by Muslims and Druze, Christians accused Jews of taking part and buying looted goods.",לאחר טבח הנוצרים בדמשק ב-1860 האשימו נוצרים את היהודים בהשתתפות בפרעות וברכישת רכוש שדוד.,https://www.encyclopedia.com/religion/encyclopedias-almanacs-transcripts-and-maps/damascus,5
35.5018,33.8938,40000,25000,0,#c0392b,#e74c3c,0.15,1862,1862,A blood libel led to attacks by Christians on the Jewish quarter of Beirut in 1862.,עלילת דם הביאה בשנת 1862 להתקפות של נוצרים על הרובע היהודי בביירות.,https://jewishvirtuallibrary.org/beirut,2
-7.9811,31.6295,60000,40000,0,#c0392b,#e74c3c,0.15,1864,1880,"An Alliance Israelite Universelle report counted 307 Jews murdered in Marrakesh and its district between 1864 and 1880, the crimes going unpunished. Deaths: 307 (city and district).","דוח של חברת כל ישראל חברים מנה 307 יהודים שנרצחו במרקש ובסביבתה בין 1864 ל-1880, והפשעים לא נענשו.",https://www.jewishencyclopedia.com/articles/11020-morocco,9
29.0330,41.0360,40000,25000,0,#c0392b,#e74c3c,0.15,1865,1866,"In 1865 local Greeks accused Jews of responsibility for a missing child; the matter was defused because an existing Ottoman decree declared such accusations baseless, and Sultan Abdulaziz reaffirmed it in 1866.","ב-1865 יוונים מקומיים האשימו יהודים בהיעלמות ילד; הפרשה הוגהה כי צו עות'מאני קיים קבע שהאשמות כאלה חסרות בסיס, והסולטן עבד אל-עזיז אישרר אותו ב-1866.",https://www.avlaremoz.com/osmanli-cografyasinda-kan-iftirasinin-koklerine-inmek/,5
52.6783,36.5475,60000,40000,0,#c0392b,#e74c3c,0.15,1866,1866,"Around 1866 Muslims of Barfurush attacked the Jewish quarter, killing 18 men and 6 women and burning two alive; survivors fled to the surrounding jungle.","בסביבות 1866 תקפו מוסלמי בארפרוש את הרובע היהודי, הרגו 18 גברים ו-6 נשים ושרפו שניים בחיים; הניצולים נמלטו ליערות הסמוכים.",https://www.jewishvirtuallibrary.org/m-x0101-zandar-x0101-n,9
28.9784,41.0082,40000,25000,0,#c0392b,#e74c3c,0.15,1868,1868,"Eyub Pogrom, Ottoman Turkey","פוגרום איוב, טורקיה העות'מאנית",https://en.wikipedia.org/wiki/History_of_the_Jews_in_Turkey,9
10.1815,36.8065,60000,40000,0,#c0392b,#e74c3c,0.15,1869,1869,In 1869 eighteen Jews were killed in Tunis.,בשנת 1869 נהרגו שמונה עשר יהודים בתוניס.,https://en.wikipedia.org/wiki/History_of_the_Jews_in_the_Ottoman_Empire,9
10.7603,34.7406,60000,40000,0,#c0392b,#e74c3c,0.15,1864,1864,"During the 1864 Mejba revolt against the Bey, Jewish communities suffered greatly, especially in Sfax.","במהלך מרד המג'בה ב-1864 סבלו קהילות יהודיות קשות, ובעיקר זו של צפאקס.",https://www.jewishencyclopedia.com/articles/14542-tunis,2
29.9187,31.2001,60000,40000,0,#c0392b,#e74c3c,0.15,1870,1870,"In April 1870 an elderly Aleppo Jew, Abram Sasson, was falsely accused by a Maltese of trying to abduct a girl and jailed 32 days amid blood-libel rumours.","באפריל 1870 הואשם יהודי זקן מחלב, אברהם ששון, בידי מלטזי בניסיון לחטוף ילדה ונכלא 32 יום על רקע שמועות של עלילת דם.",https://benyehuda.org/read/32294,5
28.9784,41.0082,40000,25000,0,#c0392b,#e74c3c,0.15,1870,1870,"1st Istanbul Pogrom, Ottoman Turkey","פוגרום איסטנבול הראשון, טורקיה העות'מאנית",https://en.wikipedia.org/wiki/History_of_the_Jews_in_Turkey,9
30.4684,31.0341,60000,40000,0,#c0392b,#e74c3c,0.15,1871,1871,Landau records disturbances accompanying a blood libel against Damanhur's small Jewish community in 1871; no deaths are reported.,לנדאו מתעד מהומות שליוו עלילת דם נגד הקהילה היהודית הקטנה בדמנהור בשנת 1871; לא דווח על הרוגים.,https://benyehuda.org/read/32294,2
30.7233,46.4825,90000,60000,0,#c0392b,#e74c3c,0.15,1871,1871,Odessa anti-Jewish riots,מהומות אנטי-יהודיות באודסה,https://en.wikipedia.org/wiki/History_of_the_Jews_in_Odesa#Pogroms,9
28.9784,41.0082,40000,25000,0,#c0392b,#e74c3c,0.15,1872,1872,"Edrine Massacres, Ottoman Turkey","טבח אדרין, טורקיה העות'מאנית",https://en.wikipedia.org/wiki/History_of_the_Jews_in_Turkey,9
27.1400,38.4200,40000,25000,0,#c0392b,#e74c3c,0.15,1872,1872,"After a Greek child's body was found, Greeks attacked the Jewish quarter of Izmir almost daily from April to June 1872, killing two Jews and burning about sixty shops and houses. Deaths: 2 (per Jewish Encyclopedia).","לאחר שנמצאה גופת ילד יווני תקפו יוונים את הרובע היהודי באיזמיר כמעט מדי יום באפריל-יוני 1872, הרגו שני יהודים ושרפו כשישים חנויות ובתים.","https://en.wikipedia.org/wiki/Karata%C5%9F,_Konak",9
30.4684,31.0341,60000,40000,0,#c0392b,#e74c3c,0.15,1873,1873,In November 1873 Damanhur's shochet Moise Salomon was falsely accused of mutilating a boy actually injured by a dog; the case was dropped after intervention from Cairo and Alexandria.,"בנובמבר 1873 הואשם השוחט של דמנהור, משה שלמה, בשקר בהטלת מום בילד שנפגע בפועל מכלב; התיק נסגר לאחר התערבות מקהיר ומאלכסנדריה.",https://benyehuda.org/read/32294,5
27.1400,38.4200,40000,25000,0,#c0392b,#e74c3c,0.15,1874,1874,"Jewish Encyclopedia lists 1874 among years when blood libel charges were brought against the Jews of Smyrna, all refuted; no violence is described.","האנציקלופדיה היהודית מציינת את 1874 בין השנים בהן הועלו עלילות דם נגד יהודי איזמיר, כולן נדחו; לא מתוארת אלימות.",https://www.jewishencyclopedia.com/articles/13813-smyrna,5
28.9500,41.0200,40000,25000,0,#c0392b,#e74c3c,0.15,1874,1874,A blood libel accusation broke out against the Jews of Istanbul in 1874; the fetched source gives no details of violence or casualties.,עלילת דם פרצה נגד יהודי איסטנבול ב-1874; המקור אינו מפרט אלימות או נפגעים.,https://www.encyclopedia.com/places/asia/turkey-political-geography/istanbul,5
35.5018,33.8439,40000,25000,0,#c0392b,#e74c3c,0.15,1874,1874,"2nd Beirut Pogrom, Ottoman Lebanon","פוגרום ביירות השני, לבנון העות'מאנית",https://en.wikipedia.org/wiki/History_of_the_Jews_in_Lebanon,9
37.1343,36.2021,60000,40000,0,#c0392b,#e74c3c,0.15,1875,1875,A blood libel was spread against Aleppo's Jews after an Armenian boy went missing; he was later found in a nearby village.,עלילת דם הופצה נגד יהודי חלב לאחר שנער ארמני נעלם; הוא נמצא מאוחר יותר בכפר סמוך.,https://jewishvirtuallibrary.org/aleppo,5
10.8583,33.8086,60000,40000,0,#c0392b,#e74c3c,0.15,1864,1864,"During the 1864 revolt in Tunisia, Jews of Djerba were pillaged.",במהלך המרד בתוניסיה ב-1864 נבזזו יהודי ג'רבה.,https://www.encyclopedia.com/religion/encyclopedias-almanacs-transcripts-and-maps/tunis-tunisia,2
30.4684,31.0341,60000,40000,0,#c0392b,#e74c3c,0.15,1877,1877,"On 4 April 1877 (Passover) a woman accused a Jew of killing her daughter; a crowd entered the Jewish school, beat Jews and broke the Torah ark before the girl was found alive.","ב-4 באפריל 1877 (פסח) האשימה אישה יהודי ברצח בתה; המון פרץ לבית הספר היהודי, היכה יהודים ושבר את ארון הקודש, עד שהילדה נמצאה בחיים.",https://benyehuda.org/read/32294,2
31.3807,31.0409,60000,40000,0,#c0392b,#e74c3c,0.15,1877,1877,At Passover 1877 Mansura Muslims accused local Jews of slaughtering a Muslim child for matzah and searched the synagogue and homes; the child was found and instigators arrested.,בפסח 1877 האשימו מוסלמי מנצורה את יהודי המקום בשחיטת ילד מוסלמי לאפיית מצות וחיפשו בבית הכנסת ובבתים; הילד נמצא ואחדים מהמסיתים נעצרו.,https://benyehuda.org/read/32294,5
19.0402,47.4979,150000,70000,45,#16a085,#1abc9c,0.16,1880,1920,Migration-era socio-economic zone in Central Europe (Budapest area),אזור סוציו-אקונומי בתקופת ההגירה במרכז אירופה (אזור בודפשט),,4
30.0000,50.4500,300000,200000,15,#c0392b,#e74c3c,0.15,1881,1884,Mass pogroms across the Russian Empire (centered near Kyiv),פוגרומים המוניים ברחבי האימפריה הרוסית (מרכז ליד קייב),https://en.wikipedia.org/wiki/Anti-Jewish_pogroms_in_the_Russian_Empire,9
36.2765,33.5138,60000,40000,0,#c0392b,#e74c3c,0.15,1882,1882,"Homs Massacre, Ottoman Syria","טבח חמס, סוריה העות'מאנית",https://en.wikipedia.org/wiki/History_of_the_Jews_in_Syria,9
29.9187,31.2001,60000,40000,0,#c0392b,#e74c3c,0.15,1882,1882,"In the June 1882 anti-foreigner riots and ensuing British bombardment of Alexandria, synagogues were looted and burned, and some 2,000 Alexandria Jews were left destitute.","במהומות נגד הזרים ביוני 1882 ובהפצצה הבריטית של אלכסנדריה שבאה בעקבותיהן נבזזו ונשרפו בתי כנסת, וכאלפיים מיהודי אלכסנדריה נותרו בחוסר כל.",https://benyehuda.org/read/32294,2
31.2358,30.0444,60000,40000,0,#c0392b,#e74c3c,0.15,1890,1890,"2nd Cairo Massacres, Ottoman Egypt","טבח קהיר השני, מצרים העות'מאנית",https://en.wikipedia.org/wiki/History_of_the_Jews_in_Egypt,9
35.5018,33.8938,60000,40000,0,#c0392b,#e74c3c,0.15,1890,1890,In 1890 a blood libel led Christians to attack the Jewish quarter of Beirut; Turkish authorities restored order and arrested the rioters.,ב-1890 עלילת דם הובילה נוצרים לתקוף את הרובע היהודי בביירות; השלטונות העות'מאניים החזירו את הסדר ועצרו את המתפרעים.,https://jewishvirtuallibrary.org/beirut,2
10.1815,36.8065,60000,40000,0,#c0392b,#e74c3c,0.15,1890,1890,"Tunis Massacres, Ottoman Tunisia","טבח תוניס, תוניסיה העות'מאנית",https://en.wikipedia.org/wiki/History_of_the_Jews_in_Tunisia,9
31.2358,30.0444,60000,40000,0,#c0392b,#e74c3c,0.15,1891,1891,"4th Damanahur Massacres, Ottoman Egypt","טבח דמנהור הרביעי, מצרים העות'מאנית",https://en.wikipedia.org/wiki/History_of_the_Jews_in_Egypt,9
15.0900,32.3800,60000,40000,0,#c0392b,#e74c3c,0.15,1897,1897,"In 1897 the synagogue of Misrata in Ottoman Tripolitania was sacked, one of several attacks on Libyan synagogues in the late Ottoman period.","ב-1897 נבזז בית הכנסת במיסראטה שבטריפוליטניה העות'מאנית, אחת מכמה התקפות על בתי כנסת בלוב בשלהי התקופה העות'מאנית.",https://en.wikipedia.org/wiki/History_of_the_Jews_in_Libya,2
31.2357,30.0444,60000,40000,0,#c0392b,#e74c3c,0.15,1901,1902,A ritual-murder (blood libel) accusation was brought against the Jews of Cairo in 1901-1902; the source records no massacre.,האשמת עלילת דם הוצגה נגד יהודי קהיר בשנים 1901-1902; המקור אינו מתעד טבח.,https://jewishvirtuallibrary.org/egypt-virtual-jewish-history-tour,5
29.9187,31.2001,60000,40000,0,#c0392b,#e74c3c,0.15,1901,1907,"4th Alexandria Massacres, Ottoman Egypt","טבח אלכסנדריה הרביעי, מצרים העות'מאנית",https://en.wikipedia.org/wiki/History_of_the_Jews_in_Egypt,9
-4.0100,34.2100,60000,40000,0,#c0392b,#e74c3c,0.15,1903,1907,"During the Bu Hmara insurrection era, Jews were massacred in Taza in 1903 (about 40 killed) and in Settat in 1907 (about 50 killed). Deaths: about 40 in Taza (1903); about 50 in Settat (1907).",בתקופת המרד של בו חמארה נטבחו יהודים בתאזה ב-1903 (כ-40 הרוגים) ובסטאת ב-1907 (כ-50 הרוגים).,https://he.wikipedia.org/wiki/%D7%94%D7%AA%D7%A8%D7%99%D7%AA%D7%9C,9
31.2358,30.0444,60000,40000,0,#c0392b,#e74c3c,0.15,1903,1903,"1st Port Sa'id Massacres, Ottoman Egypt","טבח פורט סעיד הראשון, מצרים העות'מאנית",https://en.wikipedia.org/wiki/History_of_the_Jews_in_Egypt,9
28.8320,47.0105,60000,40000,0,#c0392b,#e74c3c,0.15,1903,1903,Kishinev pogrom,פוגרום קישינב,https://en.wikipedia.org/wiki/Kishinev_pogrom,9
30.7233,46.4825,90000,60000,10,#c0392b,#e74c3c,0.15,1905,1905,Odessa pogrom,פוגרום אודסה,https://en.wikipedia.org/wiki/1905_Odessa_pogrom,9
23.1680,53.1330,60000,40000,-15,#c0392b,#e74c3c,0.15,1906,1906,Białystok pogrom,פוגרום ביאליסטוק,https://en.wikipedia.org/wiki/Bia%C5%82ystok_pogrom,9
-7.5900,33.5700,60000,40000,0,#c0392b,#e74c3c,0.15,1907,1907,"In August 1907, during the French bombardment of Casablanca, Makhzen soldiers, townspeople and thousands of tribesmen pillaged the mellah, killing, raping and carrying off Jews. Deaths: sources differ: 30 (he.wikipedia) to over 60 (en.wikipedia timeline).","באוגוסט 1907, בעת ההפצצה הצרפתית על קזבלנקה, חיילי המח'זן, תושבי העיר ואלפי בני שבטים בזזו את המלאח, רצחו, אנסו וחטפו יהודים.",https://en.wikipedia.org/wiki/Bombardment_of_Casablanca_(1907),9
31.2358,30.0444,60000,40000,0,#c0392b,#e74c3c,0.15,1908,1908,"2nd Port Said Massacres, Ottoman Egypt","טבח פורט סעיד השני, מצרים העות'מאנית",https://en.wikipedia.org/wiki/History_of_the_Jews_in_Egypt,9
52.5311,29.6100,60000,40000,0,#c0392b,#e74c3c,0.15,1910,1910,"On 30 October 1910, after a blood-libel accusation, a mob organized by the Qavam family looted the Jewish quarter of Shiraz, killing 12 Jews and injuring about 50.","ב-30 באוקטובר 1910, בעקבות עלילת דם, בזז המון שאורגן בידי משפחת קוואם את הרובע היהודי בשיראז, הרג 12 יהודים ופצע כ-50.",https://en.wikipedia.org/wiki/1910_Shiraz_blood_libel,9
-4.9800,34.0600,60000,40000,0,#c0392b,#e74c3c,0.15,1912,1912,"On 17-19 April 1912, after the Treaty of Fes, mutinous Moroccan soldiers and crowds attacked the Jewish and European quarters of Fez; French artillery also shelled the mellah. Deaths: 42 (en.wikipedia); 51 (he.wikipedia).","ב-17–19 באפריל 1912, לאחר חוזה פאס, חיילים מרוקאים מורדים והמון תקפו את הרובע היהודי והאירופי בפאס; הארטילריה הצרפתית אף הפגיזה את המלאח.",https://en.wikipedia.org/wiki/1912_Fez_riots,9
44.3660,33.3150,60000,40000,0,#c0392b,#e74c3c,0.15,1917,1917,"In the final Ottoman months before British capture of Baghdad, Jews blamed for currency devaluation were forced to exchange paper for gold, and some were tortured or executed.","בחודשי השלטון העות'מאני האחרונים לפני כיבוש בגדאד בידי הבריטים, יהודים שהואשמו בפיחות המטבע נאלצו להמיר נייר בזהב, וחלקם עונו או הוצאו להורג.",https://jewishvirtuallibrary.org/jews-of-iraq,5
44.1910,15.3690,60000,40000,0,#c0392b,#e74c3c,0.15,1918,1948,"The Zaydi Orphans' Decree mandated forced conversion of Jewish orphans to Islam and was enforced, at times aggressively, under Imam Yahya (1918-1948).","גזירת היתומים הזיידית חייבה המרת דת כפויה של יתומים יהודים לאסלאם ונאכפה, לעיתים בחומרה, בתקופת האימאם יחיא (1918-1948).",https://en.wikipedia.org/wiki/Orphans%27_Decree,5
24.0316,49.8397,70000,45000,0,#c0392b,#e74c3c,0.15,1918,1918,Lwów (Lviv) pogrom,פוגרום לבוב (לביב),https://en.wikipedia.org/wiki/Lviv_pogroms_(1918%E2%80%931940),9
27.0000,49.4220,70000,45000,10,#c0392b,#e74c3c,0.15,1919,1919,Proskurov (Khmelnytskyi) pogrom,פוגרום פרוסקורוב (חמלניצקי),https://en.wikipedia.org/wiki/Proskurov_pogrom,9
26.1000,52.1220,50000,30000,-5,#c0392b,#e74c3c,0.15,1919,1919,Pinsk massacre,טבח פינסק,https://en.wikipedia.org/wiki/Pinsk_massacre,9
32.0590,49.4440,60000,40000,0,#c0392b,#e74c3c,0.15,1920,1920,Irbid Massacres: British mandate Palestine,טבח עירביד: פלשתינה המנדטורית,https://en.wikipedia.org/wiki/History_of_the_Jews_in_Jordan,9
35.2317,31.7767,60000,40000,0,#c0392b,#e74c3c,0.15,1920,1920,"During the April 1920 Nebi Musa festival, Arab rioters attacked Jews in Jerusalem's Old City, ransacking the Jewish Quarter; five Jews and four Arabs died. Deaths: 5 Jews (and 4 Arabs).",במהלך חגיגות נבי מוסא באפריל 1920 תקפו מתפרעים ערבים יהודים בעיר העתיקה בירושלים ובזזו את הרובע היהודי; חמישה יהודים וארבעה ערבים נהרגו.,https://en.wikipedia.org/wiki/1920_Nebi_Musa_riots,2
34.7522,32.0544,60000,35000,0,#c0392b,#e74c3c,0.15,1921,1921,"On 1-7 May 1921 Arab rioters attacked Jews in Jaffa, spreading to other places; 47 Jews and 48 Arabs were killed, most Arabs by British forces. Deaths: 47 Jews (and 48 Arabs).","ב-1 עד 7 במאי 1921 תקפו מתפרעים ערבים יהודים ביפו והמהומות התפשטו למקומות נוספים; 47 יהודים ו-48 ערבים נהרגו, רוב הערבים בידי כוחות בריטיים.",https://en.wikipedia.org/wiki/Jaffa_riots_(May_1921),2
10.1815,36.8065,60000,40000,0,#c0392b,#e74c3c,0.15,1922,1922,"Djerba Massacres, Tunisia","טבח ג'רבה, תוניסיה",https://en.wikipedia.org/wiki/History_of_the_Jews_in_Tunisia,9
31.2358,30.0444,60000,40000,0,#c0392b,#e74c3c,0.15,1928,1928,"Ikhwan Massacres, Egypt, and British mandate Palestine","טבח האחווה, מצרים ופלשתינה המנדטורית",https://en.wikipedia.org/wiki/History_of_the_Jews_in_Egypt,9
44.1910,15.3690,60000,40000,0,#c0392b,#e74c3c,0.15,1928,1929,"A December 1928 edict of the Imam of Yemen ordered conversion of fatherless Jewish children; resisting orphans were beaten and imprisoned, with 27 converted by April 1929.","צו של אימאם תימן מדצמבר 1928 הורה על המרת דתם של ילדים יהודים יתומים מאב; יתומים שסירבו הוכו ונכלאו, ועד אפריל 1929 הומרו 27.",https://www.jta.org/archive/edict-in-yemen-forces-jewish-orphans-to-embrace-moslem-faith,5
35.0950,31.5320,50000,30000,10,#c0392b,#e74c3c,0.15,1929,1929,"On 24 August 1929 Arab mobs, inflamed by false rumours of a Jewish plan to seize the Temple Mount, attacked Hebron's Jews, killing 67 and wounding 58. Deaths: 67-69.","ב-24 באוגוסט 1929 תקפו המונים ערבים, שהוסתו בשמועות שווא על כוונה יהודית להשתלט על הר הבית, את יהודי חברון, הרגו 67 ופצעו 58.",https://en.wikipedia.org/wiki/1929_Hebron_massacre,9
35.4960,32.9650,50000,30000,0,#c0392b,#e74c3c,0.15,1929,1929,"On 29 August 1929, during the countrywide riots, Arabs attacked the Jewish quarter of Safed, killing 18-20 Jews and wounding about 80.","ב-29 באוגוסט 1929, במהלך המאורעות ברחבי הארץ, תקפו ערבים את הרובע היהודי בצפת, הרגו 18-20 יהודים ופצעו כ-80.",https://en.wikipedia.org/wiki/1929_Palestine_riots,9
13.4050,52.5200,100000,50000,-25,#2c3e50,#34495e,0.14,1933,1945,Nazi-era restrictions and events in Berlin area,הגבלות ואירועים מתקופת הנאצים באזור ברלין,https://en.wikipedia.org/wiki/History_of_the_Jews_in_Berlin,5
34.7522,32.0544,60000,35000,0,#c0392b,#e74c3c,0.15,1933,1933,In October 1933 Arab Executive-organised demonstrations against British rule and Jewish immigration clashed with British police in Jaffa and elsewhere; police fire killed 15 in Jaffa. Deaths: 15 demonstrators killed in Jaffa (27 in total); no Jews.,באוקטובר 1933 התעמתו הפגנות שארגן הוועד הפועל הערבי נגד השלטון הבריטי והעלייה היהודית עם המשטרה הבריטית ביפו ובמקומות אחרים; ירי המשטרה הרג 15 ביפו.,https://en.wikipedia.org/wiki/1933_Palestine_riots,2
26.5600,41.6800,40000,25000,0,#c0392b,#e74c3c,0.15,1934,1934,"In June-July 1934 mobs looted Jewish homes and shops in Canakkale, Edirne, Kirklareli and Tekirdag; thousands of Jews fled Eastern Thrace for Istanbul. Deaths: 1 (per Wikipedia).","ביוני-יולי 1934 המונים בזזו בתי ועסקי יהודים בצ'אנקלה, אדירנה, קירקלרלי וטקירדאג; אלפי יהודים נמלטו מתרקיה המזרחית לאיסטנבול.",https://en.wikipedia.org/wiki/1934_Thrace_pogroms,9
44.3660,33.3150,60000,40000,0,#c0392b,#e74c3c,0.15,1934,1934,"In September 1934 Jews were dismissed from Iraqi government posts, beginning discriminatory measures against Jewish civil servants.","בספטמבר 1934 פוטרו יהודים ממשרות ממשלתיות בעיראק, ובכך החלו צעדים מפלים נגד עובדי מדינה יהודים.",https://jewishvirtuallibrary.org/iraq-virtual-jewish-history-tour,5
34.7522,32.0544,60000,35000,0,#c0392b,#e74c3c,0.15,1936,1936,"On 19-21 April 1936, after rumours that Jews had killed Arabs, Arab rioters in Jaffa attacked Jews, killing 14; the riots opened the 1936-39 Arab revolt. Deaths: 14 Jews (and 2 Arabs).","ב-19 עד 21 באפריל 1936, בעקבות שמועות שיהודים הרגו ערבים, תקפו מתפרעים ערבים ביפו יהודים והרגו 14; המהומות פתחו את המרד הערבי של 1936-1939.",https://en.wikipedia.org/wiki/Jaffa_riots_(April_1936),2
44.3660,33.3150,60000,40000,0,#c0392b,#e74c3c,0.15,1936,1936,"During the 1936 Arab revolt in Palestine, three Jews were murdered in Baghdad and Basra and bombs were thrown at a Baghdad synagogue and Jewish clubs.","בעת המרד הערבי בארץ ישראל ב-1936 נרצחו שלושה יהודים בבגדאד ובבצרה, ופצצות הושלכו לעבר בית כנסת ומועדונים יהודיים בבגדאד.",https://jewishvirtuallibrary.org/iraq-virtual-jewish-history-tour,2
11.5820,48.1351,90000,60000,20,#c0392b,#e74c3c,0.15,1938,1938,Kristallnacht violence (centered near Munich),אלימות ליל הבדולח (מרכז ליד מינכן),https://en.wikipedia.org/wiki/Kristallnacht,9
27.5910,47.1590,70000,45000,0,#c0392b,#e74c3c,0.15,1941,1941,Iași pogrom,פוגרום יאשי,https://en.wikipedia.org/wiki/Ia%C8%99i_pogrom,9
22.3020,53.2890,50000,30000,15,#c0392b,#e74c3c,0.15,1941,1941,Jedwabne massacre,טבח ידוובנה,https://en.wikipedia.org/wiki/Jedwabne_massacre,9
44.3660,33.3150,60000,40000,0,#c0392b,#e74c3c,0.15,1941,1941,"On 1-2 June 1941, after the collapse of Rashid Ali's pro-Axis regime, mobs with police and army complicity killed Baghdad Jews and looted Jewish property. Deaths: about 180 (reports up to 600).","ב-1-2 ביוני 1941, לאחר קריסת משטרו הפרו-צירי של רשיד עאלי, המונים בשיתוף משטרה וצבא רצחו יהודים בבגדאד ובזזו רכוש יהודי.",https://en.wikipedia.org/wiki/Farhud,9
20.6286,50.8661,40000,25000,0,#c0392b,#e74c3c,0.15,1946,1946,Kielce pogrom in post-war Poland,פוגרום קיילצה בפולין שלאחר המלחמה,https://en.wikipedia.org/wiki/Kielce_pogrom,9
34.7818,32.0853,60000,30000,10,#2980b9,#3498db,0.20,1948,1967,Early Israeli state events around Tel Aviv region,אירועי מדינה מוקדמים באזור תל אביב,https://en.wikipedia.org/wiki/Tel_Aviv,6
29.9187,31.2001,80000,50000,15,#c0392b,#e74c3c,0.18,115,117,Diaspora Revolt - Jewish uprisings across Roman Empire,מרד הגלויות - התקוממויות יהודיות ברחבי האימפריה הרומית,https://en.wikipedia.org/wiki/Diaspora_Revolt,9
-5.3684,35.5785,40000,30000,0,#c0392b,#e74c3c,0.15,1807,1808,"Sultan Mawlay Sulayman forced the Jews of Tetouan, Rabat, Salé and Essaouira to move into newly created segregated Jewish quarters (mellahs).","הסולטן מולאי סולימאן כפה על יהודי תטואן, רבאט, סאלה ואסאוירה לעבור לרבעים יהודיים נפרדים (מלאחים) שנוסדו אז.",https://en.wikipedia.org/wiki/Jewish_community_of_T%C3%A9touan,5
35.0950,31.5320,40000,30000,0,#c0392b,#e74c3c,0.15,1834,1834,"While suppressing the 1834 peasants' revolt, Ibrahim Pasha's Egyptian troops attacked Hebron's Jewish quarter, killing seven men and five girls and ransacking houses and synagogues. Deaths: 12.","בעת דיכוי מרד האיכרים ב-1834 תקפו חיילי צבאו המצרי של איברהים פאשה את הרובע היהודי בחברון, הרגו שבעה גברים וחמש נערות ובזזו בתים ובתי כנסת.",https://en.wikipedia.org/wiki/1834_Hebron_massacre,9
13.4050,52.5200,40000,30000,0,#c0392b,#e74c3c,0.15,1941,1945,"In European exile 1941-45 the Mufti collaborated with Nazi Germany in propaganda and recruitment, and in 1943 lobbied Axis governments to block the rescue of Jewish children to Palestine.","בגלותו באירופה בשנים 1941-1945 שיתף המופתי פעולה עם גרמניה הנאצית בתעמולה ובגיוס, וב-1943 פעל מול ממשלות הציר לסכל הצלת ילדים יהודים לארץ ישראל.",https://www.historynewsnetwork.org/article/haj-amin-al-husseini-the-nazis-and-the-holocaust,5
29.6000,41.2000,40000,30000,0,#c0392b,#e74c3c,0.15,1942,1942,"Turkey refused to let the Struma's Jewish refugees land; towed to sea in February 1942, the ship was torpedoed on 24 February by Soviet submarine Shch-213, with one survivor. Deaths: 791.",טורקיה סירבה להוריד את פליטי סטרומה היהודים; הספינה נגררה לים בפברואר 1942 וטורפדה ב-24 בפברואר על ידי הצוללת הסובייטית Shch-213; ניצול אחד.,https://en.wikipedia.org/wiki/MV_Struma,5
